{"mibs": {"get_measure": {"r_1": 0.4000029034889941, "r_2": 1.2614193129322084, "cnt": 329, "err": 207, "ran": 1.6614222164212025}, "get_batt": {"r_1": 0.44643113310907934, "r_2": 1.5545681375852773, "cnt": 355, "err": 44, "ran": 2.000999270694357}, "get_history": {"r_1": 0.4088119864463806, "r_2": 1.3900917323667612, "cnt": 268, "err": 124, "ran": 1.7989037188131418}, "get_info": {"r_1": 0.42097028350153715, "r_2": 1.1514948496581814, "cnt": 282, "err": 19, "ran": 1.5724651331597186}, "play_piezo": {"r_1": 0.3371127247810364, "r_2": 3.4320666193962097, "cnt": 4, "err": 16, "ran": 3.769179344177246}, "reveal": {"r_1": 0.3254838148752848, "r_2": 18.88039116859436, "cnt": 15, "err": 3, "ran": 19.205874983469645}, "noise_setting": {"r_1": 0.37450014461170544, "r_2": 1.0534201318567449, "cnt": 11, "err": 6, "ran": 1.4279202764684502}, "chemical_setting": {"r_1": 0.35887441635131834, "r_2": 1.40054988861084, "cnt": 25, "err": 16, "ran": 1.7594243049621583}, "timer_setting": {"r_1": 0.5641186038653055, "r_2": 1.6712363759676616, "cnt": 12, "err": 5, "ran": 2.2353549798329673}, "remove": {"r_1": 0.47440971646990093, "r_2": 0.4824202741895403, "cnt": 7, "err": 1, "ran": 0.9568299906594413}, "": {"r_1": 0, "r_2": 0, "cnt": 0, "err": 3, "ran": 0}, "movement_sensitivity": {"r_1": 0.44384050369262695, "r_2": 0.8010480403900146, "cnt": 1, "err": 2, "ran": 1.2448885440826416}}, "mibp": {"get_info": {"r_1": 0.5390065630276997, "r_2": 0.8433693011601766, "cnt": 60, "err": 35, "ran": 1.3823758641878763}, "press": {"r_1": 0.4662112420605075, "r_2": 1.0328234523855229, "cnt": 93, "err": 46, "ran": 1.4990346944460304}, "release": {"r_1": 0.4774072028622769, "r_2": 1.0280525330269699, "cnt": 101, "err": 47, "ran": 1.5054597358892468}, "reveal": {"r_1": 0, "r_2": 0, "cnt": 0, "err": 6, "ran": 0}, "remove": {"r_1": 0.7346726655960083, "r_2": 0.8910448948542277, "cnt": 6, "err": 2, "ran": 1.6257175604502359}, "set_onoff": {"r_1": 0.383444115172985, "r_2": 1.1068903401840564, "cnt": 43, "err": 11, "ran": 1.4903344553570415}, "set_calibration": {"r_1": 0.2996864697872065, "r_2": 0.6849814891815182, "cnt": 195, "err": 64, "ran": 0.9846679589687247}, "set_mode": {"r_1": 0.41381952070420785, "r_2": 0.8099468062000891, "cnt": 31, "err": 7, "ran": 1.2237663269042969}, "push": {"r_1": 0.32247774665420115, "r_2": 0.7739957577473405, "cnt": 185, "err": 63, "ran": 1.0964735044015417}, "": {"r_1": 0, "r_2": 0, "cnt": 0, "err": 2, "ran": 0}}, "_": {"connect": {"r_1": 0.3721275212257867, "r_2": 0.6086379878633605, "cnt": 1016, "err": 201, "ran": 0.9807655090891472}, "pair": {"r_1": 0.2337700329469831, "r_2": 1.0440813637851327, "cnt": 89, "err": 2, "ran": 1.277851396732116}, "": {"r_1": 0.4967992305755614, "r_2": 1.4479763763291496, "cnt": 28, "err": 1, "ran": 1.9447756069047109}}, "mibio": {"clear_pin": {"r_1": 1.4135693311691284, "r_2": 0.6701286792755127, "cnt": 20, "err": 2, "ran": 2.083698010444641}, "set_pin": {"r_1": 0.8360181914435494, "r_2": 0.48354560799068874, "cnt": 18, "err": 1, "ran": 1.3195637994342382}, "reveal": {"r_1": 0.38370436429977417, "r_2": 0.4040471911430359, "cnt": 8, "err": 0, "ran": 0.7877515554428101}, "get_info": {"r_1": 0.3318040370941162, "r_2": 0.3700375556945801, "cnt": 1, "err": 0, "ran": 0.7018415927886963}, "": {"r_1": 0, "r_2": 0, "cnt": 0, "err": 1, "ran": 0}}, "bt_avr": {"t": 0.9191041209480979, "cnt": 11}, "gt_avr": {"t": 1.8403355032205582, "cnt": 16}}